,0,1,2,3,4,5,6,7,8
2030,usf1944_RCC_L1_CL_B.jpg,0.204428,1.0,0.770944,0.159357,0.105197,0.110793,0.11599,0.0347494
2266,usf3103_RMLO_L1_MS_B.jpg,0.206194,1.0,0.782037,0.171441,0.1332,0.121846,0.117974,0.0677147
63,usf0040_LMLO_L1_MS_M.jpg,0.220132,1.0,0.81593,0.199183,0.151276,0.13046,0.136706,0.0838977
454,usf0304_RMLO_L2_CL_B.jpg,0.246539,1.0,0.79899,0.169306,0.136819,0.120947,0.119363,0.0692243
1703,usf1764_RMLO_L1_MS_B.jpg,0.209918,1.0,0.738502,0.158209,0.100602,0.102199,0.121795,0.0355413
770,usf1111_RMLO_L1_MS_M.jpg,0.319898,1.0,0.716649,0.315696,0.207885,0.210936,0.219262,0.16381
2859,usf4172_RCC_L1_MS_M.jpg,0.226821,1.0,0.766834,0.16638,0.10438,0.116007,0.118599,0.0382413
1806,usf1816_RMLO_L1_MS_M.jpg,0.269988,1.0,0.783721,0.20753,0.183023,0.161687,0.178819,0.101805
2786,usf4125_RCC_L1_MS_M.jpg,0.505219,1.0,0.842849,0.462849,0.430579,0.434711,0.438532,0.390001
1781,usf1803_LMLO_L1_CL_B.jpg,0.220564,1.0,0.759959,0.194499,0.107742,0.126048,0.118029,0.0449724
1873,usf1857_RCC_L1_MS_B.jpg,0.212506,1.0,0.596002,0.282129,0.0774774,0.10705,0.112043,0.0596437
2417,usf3438_LCC_L1_CL_B.jpg,0.358671,1.0,0.84065,0.335067,0.304116,0.281272,0.295021,0.241481
2258,usf3088_LMLO_L1_MS_M.jpg,0.228369,1.0,0.830379,0.183577,0.149612,0.131915,0.135168,0.0749524
842,usf1154_LCC_L1_MS_M.jpg,0.178554,1.0,0.705676,0.185431,0.0901662,0.111876,0.117596,0.0367744
2820,usf4148_RCC_L1_MS_M.jpg,0.227382,1.0,0.599199,0.278583,0.0779343,0.104934,0.113557,0.0655669
909,usf1204_LMLO_L1_MS_M.jpg,0.225941,1.0,0.66581,0.189452,0.0815204,0.105345,0.103141,0.0464347
2445,usf3467_LCC_L1_CL_B.jpg,0.261541,1.0,0.810804,0.187473,0.164691,0.128242,0.137511,0.0863867
2140,usf3029_LMLO_L5_CL_M.jpg,0.166947,1.0,0.795486,0.201218,0.146102,0.133045,0.139429,0.081022
765,usf1108_LCC_L1_CL_M.jpg,0.206063,1.0,0.728435,0.188965,0.100626,0.117906,0.108853,0.0417647
2765,usf4114_LMLO_L1_MS_M.jpg,0.21198,1.0,0.624852,0.329175,0.0886145,0.114008,0.122437,0.0761125
289,usf0191_LCC_L1_MS_M.jpg,0.34771,1.0,0.818709,0.365214,0.324549,0.315264,0.319975,0.273398
949,usf1234_RMLO_L1_MS_M.jpg,0.228344,1.0,0.732613,0.160729,0.0950011,0.103488,0.113332,0.0391894
326,usf0213_RCC_L1_CL_M.jpg,0.120047,1.0,0.795834,0.19313,0.153056,0.137369,0.142494,0.0779742
1102,usf1410_LMLO_L1_MS_B.jpg,0.198334,1.0,0.720629,0.171808,0.0933878,0.121167,0.103299,0.0313251
2349,usf3379_RMLO_L1_MS_M.jpg,0.154968,1.0,0.772693,0.178096,0.133753,0.128113,0.124117,0.0650542
1558,usf1681_RCC_L1_MS_B.jpg,0.212899,1.0,0.656279,0.219596,0.0809767,0.117099,0.104085,0.045609
286,usf0189_RMLO_L3_MS_M.jpg,0.327666,1.0,0.847907,0.251936,0.242166,0.220319,0.223464,0.169102
3275,5181830.jpg,0.0556839,1.0,0.736708,0.280907,0.176943,0.279878,0.150131,0.0401296
2745,usf4104_RMLO_L1_MS_M.jpg,0.34676,1.0,0.671592,0.464239,0.234099,0.263255,0.262081,0.229853
2086,usf3010_RMLO_L2_MS_M.jpg,0.140548,1.0,0.837749,0.192418,0.170359,0.145558,0.14611,0.0888946
1286,usf1512_LMLO_L1_MS_B.jpg,0.182311,1.0,0.695353,0.203267,0.0932912,0.118652,0.112304,0.0443801
2470,usf3485_RMLO_L1_CL_B.jpg,0.185868,1.0,0.817077,0.171877,0.150869,0.13131,0.129846,0.0714401
2376,usf3400_LMLO_L1_CL_B.jpg,0.212947,1.0,0.78769,0.179481,0.133458,0.119877,0.130142,0.0683383
1762,usf1793_LMLO_L1_MS_B.jpg,0.182114,1.0,0.615826,0.35531,0.0976832,0.133051,0.13489,0.0845202
798,usf1128_RMLO_L1_MS_M.jpg,0.230805,1.0,0.714726,0.168714,0.0906009,0.105541,0.109499,0.0414118
806,usf1133_RMLO_L1_CL_M.jpg,0.222226,1.0,0.693552,0.214694,0.0939679,0.110135,0.112743,0.0518302
2456,usf3475_LMLO_L1_MS_M.jpg,0.207543,1.0,0.8096,0.173536,0.145502,0.122046,0.134127,0.0700015
3070,4152400.jpg,0.258429,1.0,0.894932,0.398768,0.326613,0.303495,0.32747,0.168369
257,usf0171_RMLO_L1_CL_M.jpg,0.160082,1.0,0.809404,0.181772,0.151853,0.13272,0.134624,0.075397
1842,usf1838_LMLO_L1_MS_B.jpg,0.224818,1.0,0.766616,0.155211,0.10218,0.120822,0.106732,0.0362439
491,usf0317_RCC_L1_MS_B.jpg,0.186922,1.0,0.794428,0.190908,0.155233,0.129004,0.135295,0.0860399
44,usf0026_LCC_L1_CL_M.jpg,0.281444,1.0,0.818212,0.189194,0.142595,0.1254,0.134001,0.0770799
2322,usf3364_LCC_L3_CL_B.jpg,0.188649,1.0,0.76476,0.171206,0.127394,0.11472,0.124341,0.062433
201,usf0142_LCC_L1_MS_M.jpg,0.289139,1.0,0.826601,0.185615,0.143004,0.12425,0.132826,0.0743539
2691,usf4076_LCC_L1_MS_B.jpg,0.217349,1.0,0.669903,0.207888,0.0823658,0.106776,0.111111,0.0475112
2160,usf3038_LCC_L1_MS_M.jpg,0.247016,1.0,0.839411,0.202547,0.174095,0.143342,0.141707,0.0974065
114,usf0077_RMLO_L1_MS_M.jpg,0.336311,1.0,0.8675,0.279502,0.264743,0.242585,0.23854,0.188188
3315,5190955.jpg,0.103134,1.0,0.709719,0.294735,0.12544,0.184778,0.142971,0.0343921
2286,usf3121_RMLO_L1_CL_B.jpg,0.175927,1.0,0.810161,0.188615,0.149306,0.137082,0.132532,0.0766797
3109,4161253.jpg,0.117084,1.0,0.838955,0.317294,0.24913,0.281862,0.239748,0.0986036
2065,usf2001_RCC_L1_MS_B.jpg,0.20462,1.0,0.749889,0.170883,0.0982235,0.112052,0.116494,0.0374348
3249,5172104.jpg,0.0174978,1.0,0.714309,0.357724,0.161751,0.1681,0.264006,0.0804628
1964,usf1906_LMLO_L1_CL_M.jpg,0.220255,1.0,0.71081,0.185208,0.0880993,0.110516,0.11133,0.0391817
563,usf0364_RMLO_L1_MS_B.jpg,0.536662,1.0,0.880307,0.501227,0.495872,0.482062,0.483192,0.45078
1958,usf1902_LMLO_L1_MS_M.jpg,0.21239,1.0,0.743794,0.156486,0.0969812,0.113961,0.105153,0.0372559
2968,mdb199_77.png,0.0730838,1.0,0.929367,0.219339,0.2795,0.300389,0.172129,0.0852287
2017,usf1937_LMLO_L1_CL_B.jpg,0.174518,1.0,0.685766,0.297782,0.107493,0.139156,0.129139,0.0680761
1238,usf1484_LCC_L1_CL_B.jpg,0.183651,1.0,0.670599,0.225136,0.0905594,0.119782,0.11205,0.0492035
1618,usf1719_LMLO_L1_MS_B.jpg,0.19403,1.0,0.653086,0.209547,0.0825723,0.113325,0.105624,0.047365
140,usf0096_RMLO_L1_CL_M.jpg,0.180262,1.0,0.783357,0.18658,0.146324,0.129169,0.129018,0.0812864
149,usf0101_RMLO_L1_MS_M.jpg,0.284753,1.0,0.80549,0.199942,0.197199,0.17083,0.169249,0.123268
1083,usf1399_RMLO_L1_MS_M.jpg,0.196849,1.0,0.728011,0.172743,0.0971973,0.109905,0.114715,0.0405891
2,usf0002_LMLO_L1_CL_M.jpg,0.181016,1.0,0.778928,0.187112,0.14078,0.121152,0.133378,0.0759878
894,usf1189_LCC_L1_MS_M.jpg,0.197018,1.0,0.660737,0.210585,0.0799714,0.111222,0.11142,0.0407359
884,usf1182_RCC_L1_MS_M.jpg,0.201176,1.0,0.708232,0.175554,0.0901197,0.107405,0.111916,0.0387842
3116,4162057.jpg,0.111748,1.0,0.830554,0.243114,0.192507,0.191079,0.176355,0.034455
1891,usf1866_LMLO_L1_CL_B.jpg,0.425605,1.0,0.818968,0.369439,0.34243,0.345129,0.33123,0.278819
1608,usf1714_RCC_L1_MS_B.jpg,0.197265,1.0,0.644626,0.328081,0.102674,0.131846,0.133175,0.0842166
962,usf1243_LMLO_L1_CL_M.jpg,0.224444,1.0,0.779706,0.152827,0.116734,0.131619,0.108067,0.0360601
2021,usf1939_LMLO_L1_CL_B.jpg,0.185921,1.0,0.716559,0.178757,0.0962866,0.114009,0.111145,0.0421147
548,usf0358_LCC_L1_MS_M.jpg,0.423121,1.0,0.860532,0.3722,0.358496,0.330409,0.333008,0.293289
2680,usf4070_RMLO_L1_MS_B.jpg,0.21985,1.0,0.72695,0.18488,0.0943192,0.116677,0.108141,0.0428159
1947,usf1897_LCC_L1_CL_M.jpg,0.370589,1.0,0.807922,0.344994,0.304672,0.301289,0.306428,0.241857
292,usf0192_RMLO_L1_MS_M.jpg,0.153932,1.0,0.779736,0.182657,0.144862,0.130524,0.129423,0.0751914
2953,mdb167_62.png,0.0768473,1.0,0.919978,0.211223,0.303342,0.231694,0.22363,0.120655
2830,usf4156_RMLO_L1_CL_M.jpg,0.175464,1.0,0.642845,0.325963,0.1006,0.15015,0.123418,0.0726515
168,usf0110_RMLO_L1_MS_M.jpg,0.401215,1.0,0.863513,0.286111,0.281975,0.25292,0.255463,0.199253
830,usf1147_LCC_L1_MS_M.jpg,0.217458,1.0,0.74924,0.1616,0.102014,0.118142,0.106104,0.0377716
362,usf0231_LCC_L1_CL_B.jpg,0.162276,1.0,0.756632,0.183799,0.129074,0.121701,0.127684,0.0671072
754,usf0506_RMLO_L1_MS_B.jpg,0.112763,1.0,0.8018,0.197826,0.165133,0.144908,0.147396,0.089933
3321,5191822.jpg,0.116875,1.0,0.762616,0.286165,0.143987,0.153771,0.17053,0.0408511
2831,usf4157_LCC_L1_CL_M.jpg,0.201015,1.0,0.532668,0.344196,0.0687528,0.105759,0.110236,0.0736895
3361,5200818.jpg,0.12051,1.0,0.802062,0.249862,0.16551,0.186224,0.163849,0.0327589
3126,4163513.jpg,0.0562223,1.0,0.735032,0.326162,0.141904,0.198503,0.197485,0.0442247
3223,5165852.jpg,0.146602,1.0,0.770451,0.265034,0.160968,0.164801,0.160645,0.0474115
919,usf1213_LMLO_L1_CL_M.jpg,0.198739,1.0,0.702894,0.183965,0.0876573,0.115078,0.107591,0.0373875
1074,usf1394_RMLO_L1_MS_B.jpg,0.237461,1.0,0.707989,0.266934,0.165491,0.171889,0.190795,0.111502
234,usf0157_LMLO_L3_MS_M.jpg,0.183355,1.0,0.807374,0.211642,0.160308,0.136037,0.147141,0.0929223
2236,usf3078_LMLO_L1_MS_M.jpg,0.15632,1.0,0.79189,0.196715,0.145026,0.13011,0.141721,0.0783512
2047,usf1953_RMLO_L1_CL_B.jpg,0.204633,1.0,0.727989,0.20635,0.099555,0.112699,0.124837,0.0433666
1838,usf1836_LMLO_L1_MS_B.jpg,0.204847,1.0,0.696999,0.178415,0.0873865,0.121818,0.103083,0.0352397
219,usf0151_RCC_L1_CL_M.jpg,0.334729,1.0,0.840877,0.354686,0.331559,0.310664,0.312431,0.272835
1159,usf1440_RMLO_L1_MS_B.jpg,0.181295,1.0,0.500691,0.286686,0.0649068,0.0972287,0.0982805,0.0658376
1177,usf1450_LCC_L1_MS_B.jpg,0.225048,1.0,0.66079,0.188018,0.0774987,0.105408,0.103797,0.0425669
1680,usf1753_RCC_L1_CL_B.jpg,0.178253,1.0,0.633655,0.306262,0.0944219,0.133377,0.124091,0.0733844
836,usf1150_RCC_L1_MS_M.jpg,0.418379,1.0,0.857108,0.378592,0.364226,0.352641,0.358082,0.294636
3232,5170553.jpg,0.0917433,1.0,0.77283,0.273181,0.166933,0.23435,0.144648,0.0398591
1101,usf1410_LCC_L1_MS_B.jpg,0.217314,1.0,0.781383,0.136882,0.110024,0.115234,0.108093,0.0342436
3322,5191953.jpg,0.174219,1.0,0.87853,0.352018,0.238793,0.259524,0.251841,0.101668
1892,usf1867_RMLO_L1_CL_B.jpg,0.525146,1.0,0.86252,0.510798,0.476574,0.472249,0.471573,0.427235
1148,usf1435_RCC_L1_MS_B.jpg,0.198738,1.0,0.780844,0.145497,0.108919,0.111339,0.113446,0.0324434
3036,4144048.jpg,0.0390896,1.0,0.702404,0.329274,0.141068,0.167522,0.238458,0.0405124
1866,usf1849_LMLO_L1_MS_M.jpg,0.1443,1.0,0.52052,0.33348,0.0750184,0.116457,0.113044,0.0688655
667,usf0406_LCC_L1_CL_B.jpg,0.322819,1.0,0.796379,0.30242,0.258248,0.249491,0.25248,0.207046
3021,4134335.jpg,0.103955,1.0,0.836325,0.292443,0.192722,0.226137,0.189777,0.05081
2850,usf4167_RMLO_L1_CL_B.jpg,0.220886,1.0,0.71015,0.184063,0.0871115,0.106809,0.114379,0.0406739
1407,usf1583_RMLO_L1_MS_M.jpg,0.137621,1.0,0.562516,0.260665,0.07548,0.110674,0.120532,0.0518676
2936,mdb130_45.png,0.0716418,0.988993,1.0,0.21053,0.251698,0.223036,0.225642,0.0911948
3306,5190308.jpg,0.212046,1.0,0.786089,0.326563,0.226845,0.310251,0.174457,0.102929
1130,usf1426_RMLO_L1_MS_B.jpg,0.208141,1.0,0.752994,0.179112,0.103209,0.105598,0.128212,0.0383286
1510,usf1646_RMLO_L1_CL_B.jpg,0.168901,1.0,0.638167,0.217172,0.0831821,0.107444,0.117801,0.0460411
2743,usf4103_RCC_L1_CL_M.jpg,0.296682,1.0,0.721897,0.262657,0.153831,0.171309,0.179301,0.115277
859,usf1164_LMLO_L1_MS_M.jpg,0.210818,1.0,0.742407,0.192505,0.103338,0.126432,0.114756,0.042185
1987,usf1919_RMLO_L1_CL_B.jpg,0.163722,1.0,0.541025,0.342093,0.0798098,0.110527,0.124541,0.0740603
2261,usf3092_RCC_L1_CL_B.jpg,0.515769,1.0,0.877472,0.489118,0.475634,0.465124,0.465553,0.429224
2209,usf3069_RCC_L1_MS_M.jpg,0.210158,1.0,0.782239,0.150964,0.129712,0.112694,0.115482,0.059063
118,usf0078_LCC_L5_CL_M.jpg,0.220602,1.0,0.779788,0.222185,0.144325,0.134065,0.13593,0.0893919
804,usf1132_LMLO_L1_MS_M.jpg,0.227868,1.0,0.748912,0.183123,0.110286,0.12258,0.106512,0.0435731
1374,usf1563_RMLO_L1_MS_B.jpg,0.221124,1.0,0.80503,0.1398,0.119772,0.109942,0.117777,0.0350803
1086,usf1401_RCC_L1_MS_M.jpg,0.191657,1.0,0.586271,0.278857,0.0749599,0.109187,0.109181,0.0582084
2649,usf4054_LMLO_L1_CL_B.jpg,0.238565,1.0,0.689904,0.268501,0.0902492,0.114632,0.11921,0.0625614
27,usf0016_RMLO_L1_MS_M.jpg,0.189149,1.0,0.783429,0.178102,0.142128,0.125794,0.123448,0.0748998
2609,usf4032_RMLO_L1_MS_M.jpg,0.213487,1.0,0.639693,0.224346,0.078871,0.108447,0.103946,0.0526423
83,usf0060_LCC_L1_CL_M.jpg,0.191137,1.0,0.775249,0.176752,0.134242,0.117703,0.129319,0.0694513
1659,usf1741_LMLO_L1_CL_B.jpg,0.205457,1.0,0.744663,0.165226,0.100217,0.116126,0.107804,0.0398251
1515,usf1649_LCC_L1_CL_B.jpg,0.201472,1.0,0.678708,0.194759,0.0853957,0.11072,0.107996,0.0450564
1545,usf1674_LCC_L1_MS_M.jpg,0.18757,1.0,0.560036,0.275933,0.0716957,0.105667,0.100468,0.0591455
1963,usf1905_LMLO_L1_CL_M.jpg,0.144041,1.0,0.642289,0.283447,0.0993922,0.131257,0.120792,0.0609279
260,usf0174_RCC_L2_MS_M.jpg,0.131523,1.0,0.748755,0.207166,0.128871,0.127153,0.135776,0.0677311
2232,usf3077_RCC_L1_CL_M.jpg,0.333272,1.0,0.857422,0.335496,0.315676,0.294594,0.296068,0.24872
953,usf1236_RMLO_L1_CL_M.jpg,0.228629,1.0,0.736834,0.18517,0.0985201,0.116164,0.116769,0.041433
984,usf1259_LCC_L1_CL_B.jpg,0.384131,1.0,0.851418,0.344979,0.339434,0.333424,0.322955,0.261315
2079,usf3007_LCC_L1_CL_M.jpg,0.175259,1.0,0.803049,0.249617,0.179834,0.172896,0.180428,0.120044
2402,usf3424_LMLO_L1_MS_B.jpg,0.164902,1.0,0.774922,0.186207,0.138654,0.122783,0.134442,0.0732441
1076,usf1396_LMLO_L1_MS_B.jpg,0.207523,1.0,0.715846,0.184824,0.0934674,0.116852,0.106856,0.0408488
543,usf0344_LMLO_L2_CL_M.jpg,0.458185,1.0,0.855754,0.476165,0.450485,0.437557,0.450483,0.399004
3297,5185039.jpg,0.238924,1.0,0.886248,0.413615,0.378785,0.360516,0.382216,0.20573
37,usf0023_LMLO_L1_MS_M.jpg,0.142691,1.0,0.773835,0.193236,0.14803,0.127194,0.14418,0.0807761
3062,4151246.jpg,0.0389988,1.0,0.744267,0.317727,0.153882,0.221118,0.195278,0.041343
2015,usf1936_LMLO_L1_CL_B.jpg,0.319011,1.0,0.725253,0.378412,0.259955,0.281088,0.276474,0.212348
3095,4155822.jpg,0.256779,1.0,0.929922,0.339596,0.355897,0.315274,0.294747,0.160865
769,usf1111_RCC_L1_MS_M.jpg,0.220801,1.0,0.706539,0.191291,0.0890921,0.109314,0.111372,0.0452633
2473,usf3487_RCC_L1_MS_B.jpg,0.285593,1.0,0.821656,0.173775,0.171741,0.132291,0.131442,0.0855378
1638,usf1729_RMLO_L1_CL_M.jpg,0.190102,1.0,0.785307,0.148102,0.113711,0.105691,0.129651,0.0310545
709,usf0480_LMLO_L1_MS_B.jpg,0.186595,1.0,0.785766,0.185549,0.14061,0.123966,0.130644,0.0747446
1358,usf1553_LMLO_L1_CL_B.jpg,0.182983,1.0,0.632674,0.230804,0.0822599,0.113462,0.104757,0.0503687
882,usf1180_RMLO_L1_MS_M.jpg,0.170044,1.0,0.67863,0.196358,0.0859464,0.111324,0.116277,0.039318
587,usf0375_LCC_L3_CL_B.jpg,0.56769,1.0,0.886457,0.540236,0.529689,0.514163,0.520426,0.483759
2669,usf4065_LCC_L1_MS_B.jpg,0.220868,1.0,0.625403,0.226873,0.0747739,0.107189,0.103091,0.0503951
2979,mdb222_89.png,0.0199601,1.0,0.818696,0.232448,0.438279,0.218252,0.33004,0.140178
546,usf0355_LCC_L1_CL_B.jpg,0.183977,1.0,0.775352,0.187113,0.139448,0.122794,0.131524,0.0754898
1935,usf1891_RCC_L1_CL_B.jpg,0.199497,1.0,0.701985,0.213615,0.0948677,0.112921,0.117745,0.0498549
2045,usf1952_LMLO_L1_CL_B.jpg,0.183976,1.0,0.576349,0.333538,0.082609,0.114821,0.126325,0.06976
2193,usf3059_RCC_L2_CL_M.jpg,0.529313,1.0,0.893564,0.532016,0.52276,0.506196,0.508967,0.474376
706,usf0479_RMLO_L1_MS_B.jpg,0.229478,1.0,0.798703,0.190841,0.142051,0.124668,0.127325,0.0798342
2515,usf3506_RMLO_L1_MS_M.jpg,0.176217,1.0,0.760484,0.181983,0.132095,0.128307,0.118887,0.0691084
1776,usf1800_LMLO_L1_MS_B.jpg,0.164548,1.0,0.600308,0.244951,0.0840232,0.113973,0.107725,0.0563276
2660,usf4060_LMLO_L1_MS_B.jpg,0.216881,1.0,0.694225,0.184231,0.0851623,0.105963,0.112261,0.0424265
1507,usf1644_LCC_L1_CL_M.jpg,0.159502,1.0,0.623488,0.227226,0.084451,0.11386,0.113599,0.0520237
2217,usf3073_RCC_L1_MS_M.jpg,0.178491,1.0,0.8165,0.175365,0.147961,0.129142,0.132673,0.071265
19,usf0010_RMLO_L1_CL_M.jpg,0.192194,1.0,0.80142,0.16409,0.140184,0.12195,0.120937,0.0654433
2240,usf3079_RMLO_L1_CL_M.jpg,0.194475,1.0,0.806591,0.157299,0.139521,0.121739,0.119206,0.0620909
1675,usf1750_LMLO_L1_MS_B.jpg,0.199934,1.0,0.628588,0.273897,0.0844917,0.116205,0.109706,0.0599706
1924,usf1884_LMLO_L1_MS_B.jpg,0.187528,1.0,0.654529,0.254518,0.0894825,0.118546,0.111007,0.0544094
1865,usf1849_LCC_L1_MS_M.jpg,0.150713,1.0,0.546588,0.32811,0.0788295,0.118549,0.113361,0.0670808
1212,usf1471_RCC_L1_MS_B.jpg,0.240825,1.0,0.704438,0.181393,0.0890227,0.10705,0.107603,0.0467757
2476,usf3488_RMLO_L1_MS_B.jpg,0.179155,1.0,0.775607,0.171061,0.12946,0.120694,0.120809,0.0609734
1537,usf1667_RMLO_L1_CL_M.jpg,0.222101,1.0,0.737571,0.170471,0.0957904,0.106425,0.117936,0.0408645
755,usf0507_LCC_L1_MS_B.jpg,0.175776,1.0,0.792197,0.212433,0.159109,0.140666,0.143065,0.0889492
1080,usf1397_RMLO_L1_MS_B.jpg,0.198262,1.0,0.719479,0.202494,0.0958412,0.11166,0.11993,0.0439516
1198,usf1465_RCC_L1_CL_M.jpg,0.206159,1.0,0.686841,0.207581,0.0914516,0.105634,0.116724,0.0463028
2441,usf3464_RCC_L1_CL_B.jpg,0.400758,1.0,0.862629,0.34935,0.333866,0.31639,0.316596,0.271912
2032,usf1945_LCC_L1_CL_B.jpg,0.212146,1.0,0.771052,0.156934,0.105446,0.113036,0.113786,0.0349771
419,usf0280_LMLO_L2_CL_B.jpg,0.174029,1.0,0.774171,0.197312,0.147257,0.128608,0.13549,0.0859429
2180,usf3049_RCC_L1_CL_B.jpg,0.160422,1.0,0.801903,0.184924,0.143205,0.129731,0.136322,0.0714491
448,usf0303_LCC_L1_MS_B.jpg,0.19236,1.0,0.785324,0.196965,0.148661,0.127971,0.135277,0.0852015
2083,usf3010_RCC_L1_MS_M.jpg,0.140766,1.0,0.804067,0.172988,0.156997,0.129924,0.136903,0.0764549
823,usf1143_LMLO_L1_MS_M.jpg,0.235424,1.0,0.733578,0.187291,0.0952845,0.112182,0.115386,0.0457532
3330,5193434.jpg,0.0806473,1.0,0.704074,0.31995,0.135679,0.156734,0.227002,0.0440637
1467,usf1620_RMLO_L1_MS_M.jpg,0.223308,1.0,0.672619,0.221667,0.0867459,0.10556,0.116465,0.0511201
1508,usf1644_LMLO_L1_CL_M.jpg,0.143258,1.0,0.488387,0.303441,0.066685,0.106332,0.106378,0.0632053
85,usf0060_RCC_L1_MS_B.jpg,0.199372,1.0,0.792664,0.166157,0.140592,0.118739,0.126137,0.0682833
305,usf0204_LCC_L1_MS_M.jpg,0.154656,1.0,0.717505,0.211171,0.115431,0.122506,0.12636,0.0641508
1322,usf1534_LCC_L1_MS_M.jpg,0.207177,1.0,0.658076,0.231242,0.0829698,0.111258,0.109881,0.0484713
2533,usf3515_LMLO_L1_MS_B.jpg,0.150342,1.0,0.770662,0.184445,0.135626,0.121035,0.139821,0.0673669
873,usf1174_LCC_L1_MS_M.jpg,0.193398,1.0,0.679582,0.222346,0.0873693,0.115071,0.112375,0.0468984
2056,usf1985_RCC_L1_MS_M.jpg,0.142928,1.0,0.516992,0.372614,0.0792818,0.122074,0.117636,0.0766787
1514,usf1648_RMLO_L1_CL_B.jpg,0.205833,1.0,0.699868,0.18214,0.0882921,0.10653,0.111558,0.0417171
690,usf0418_RMLO_L1_MS_M.jpg,0.387702,1.0,0.862946,0.383012,0.380568,0.357073,0.357169,0.312403
1472,usf1622_RCC_L1_MS_M.jpg,0.136811,1.0,0.544833,0.360676,0.0887524,0.129298,0.126774,0.0805127
2361,usf3393_LMLO_L1_MS_M.jpg,0.161802,1.0,0.776213,0.184263,0.139492,0.122611,0.135083,0.0721711
2829,usf4156_RCC_L1_CL_M.jpg,0.170698,1.0,0.701901,0.20398,0.0933174,0.121674,0.115715,0.040514
1385,usf1569_RCC_L1_MS_B.jpg,0.199757,1.0,0.701204,0.181128,0.088092,0.106899,0.11183,0.0397655
2009,usf1933_LMLO_L1_MS_M.jpg,0.215144,1.0,0.683028,0.184674,0.0849923,0.107991,0.104911,0.0436225
154,usf0103_LCC_L1_MS_M.jpg,0.294658,1.0,0.775836,0.260236,0.215604,0.202847,0.20844,0.163378
2808,usf4139_LCC_L1_MS_M.jpg,0.227057,1.0,0.694081,0.246633,0.0884672,0.11404,0.116558,0.0581297
819,usf1141_RMLO_L1_CL_M.jpg,0.16667,1.0,0.606858,0.340133,0.0920046,0.123094,0.129239,0.0725798
1761,usf1793_LCC_L1_MS_B.jpg,0.215215,1.0,0.746028,0.18092,0.0988233,0.111082,0.116228,0.0413634
2246,usf3082_LMLO_L1_CL_M.jpg,0.255475,1.0,0.834904,0.191578,0.151252,0.12766,0.138607,0.0793369
946,usf1232_RCC_L1_CL_M.jpg,0.22316,1.0,0.739763,0.156791,0.0980902,0.109928,0.106787,0.0391831
463,usf0307_RCC_L2_CL_B.jpg,0.221713,1.0,0.800426,0.158825,0.14372,0.115569,0.121655,0.0697389
864,usf1167_RCC_L1_CL_M.jpg,0.19858,1.0,0.720529,0.173094,0.095937,0.109378,0.11473,0.0408098
1705,usf1765_RMLO_L1_MS_B.jpg,0.192248,1.0,0.640673,0.211767,0.0801119,0.109133,0.106885,0.0463583
196,usf0137_LMLO_L1_MS_M.jpg,0.16987,1.0,0.769787,0.196568,0.14711,0.128439,0.134413,0.0854226
2281,usf3116_RMLO_L1_MS_B.jpg,0.203388,1.0,0.789038,0.15915,0.129627,0.117321,0.117008,0.0592227
1265,usf1499_RCC_L1_MS_M.jpg,0.206068,1.0,0.673732,0.190361,0.0825857,0.11019,0.103958,0.0422871
1221,usf1475_LMLO_L1_CL_B.jpg,0.196581,1.0,0.679815,0.296326,0.103792,0.129343,0.12926,0.0662069
1949,usf1898_RCC_L1_CL_M.jpg,0.249377,1.0,0.779957,0.187766,0.129226,0.133635,0.133393,0.0583998
1250,usf1491_RMLO_L1_MS_B.jpg,0.201069,1.0,0.724417,0.176582,0.0933516,0.107771,0.118407,0.0368695
1157,usf1438_LMLO_L1_CL_B.jpg,0.205957,1.0,0.698861,0.189111,0.0862022,0.110153,0.112817,0.0403918
3318,5191316.jpg,0.149186,1.0,0.835003,0.30997,0.275198,0.266006,0.277614,0.127339
2565,usf4012_RCC_L1_MS_B.jpg,0.327125,1.0,0.798174,0.301847,0.226277,0.237633,0.24781,0.171935
2291,usf3136_RCC_L1_CL_M.jpg,0.548753,1.0,0.873312,0.525487,0.506476,0.499912,0.500728,0.467355
1648,usf1735_LCC_L1_CL_B.jpg,0.226826,1.0,0.76377,0.183742,0.149128,0.13286,0.129766,0.0632624
268,usf0177_LMLO_L1_MS_M.jpg,0.189906,1.0,0.781567,0.17693,0.131433,0.120551,0.128693,0.0652641
2804,usf4135_RMLO_L1_MS_M.jpg,0.216227,1.0,0.684758,0.215511,0.0847123,0.113854,0.110131,0.0476669
3389,5204437.jpg,0.0785787,1.0,0.780351,0.296937,0.158323,0.191388,0.189656,0.0421002
1343,usf1545_LMLO_L1_MS_B.jpg,0.205212,1.0,0.740484,0.204889,0.0990679,0.120486,0.116431,0.0435221
25,usf0015_RMLO_L1_MS_M.jpg,0.460284,1.0,0.863031,0.409687,0.402426,0.380668,0.38135,0.343958
895,usf1189_LMLO_L1_MS_M.jpg,0.191919,1.0,0.67299,0.194746,0.0808875,0.11498,0.106817,0.0368697
2758,usf4111_LCC_L1_MS_M.jpg,0.256924,1.0,0.727678,0.202795,0.144397,0.141981,0.14009,0.0801561
1760,usf1792_LMLO_L1_MS_B.jpg,0.181959,1.0,0.646328,0.312501,0.100217,0.127412,0.134403,0.0766129
3082,4154206.jpg,0.0925233,1.0,0.714364,0.419775,0.128632,0.174348,0.236671,0.0377038
1199,usf1465_RMLO_L1_CL_M.jpg,0.214808,1.0,0.72853,0.168205,0.0956701,0.107258,0.113145,0.03875
2534,usf3515_LMLO_L2_MS_B.jpg,0.165416,1.0,0.797575,0.189152,0.142884,0.125284,0.142153,0.0723338
522,usf0333_RCC_L1_MS_B.jpg,0.232096,1.0,0.80617,0.198673,0.153335,0.130588,0.134042,0.0865107
801,usf1131_RCC_L1_CL_M.jpg,0.214605,1.0,0.72631,0.160755,0.0933622,0.102526,0.113862,0.0377157
1978,usf1913_LCC_L1_CL_B.jpg,0.175541,1.0,0.676209,0.19647,0.0879328,0.11779,0.109076,0.0435082
76,usf0047_LMLO_L1_MS_M.jpg,0.189945,1.0,0.762185,0.17563,0.127423,0.114441,0.126673,0.064927
2121,usf3025_RMLO_L3_CL_M.jpg,0.491243,1.0,0.902486,0.491758,0.485061,0.468445,0.468649,0.425925
2920,mdb097_29.png,0.0939551,1.0,0.864537,0.18206,0.310381,0.249152,0.175872,0.105197
1557,usf1680_RMLO_L1_MS_B.jpg,0.209929,1.0,0.697438,0.173473,0.0875078,0.104876,0.111434,0.0383408
59,usf0038_LCC_L2_CL_M.jpg,0.184734,1.0,0.761004,0.184209,0.133622,0.119144,0.125992,0.0730471
205,usf0145_RCC_L1_MS_B.jpg,0.236977,1.0,0.814005,0.181041,0.159034,0.128533,0.13755,0.0776025
1830,usf1831_RMLO_L1_CL_B.jpg,0.176135,1.0,0.688879,0.242796,0.0946452,0.11652,0.123894,0.0468077
789,usf1125_LCC_L1_CL_M.jpg,0.197342,1.0,0.709124,0.203062,0.09258,0.112751,0.117145,0.0420109
2457,usf3476_LCC_L1_CL_M.jpg,0.250005,1.0,0.765575,0.153161,0.118029,0.10808,0.112738,0.0562263
281,usf0186_RCC_L1_CL_M.jpg,0.33425,1.0,0.862287,0.317273,0.295498,0.277043,0.276156,0.226144
3101,4160553.jpg,0.254009,1.0,0.877372,0.327721,0.364096,0.286048,0.345438,0.170531
2775,usf4120_LCC_L1_MS_M.jpg,0.352321,1.0,0.805728,0.286671,0.265846,0.255065,0.256388,0.196188
1778,usf1801_LMLO_L1_MS_B.jpg,0.157233,1.0,0.546444,0.323399,0.0800404,0.11747,0.112257,0.0694917
369,usf0234_RMLO_L1_MS_B.jpg,0.219057,1.0,0.809541,0.184059,0.148895,0.12879,0.126952,0.0780436
720,usf0485_RMLO_L1_MS_B.jpg,0.186714,1.0,0.796071,0.197817,0.162837,0.136199,0.13757,0.0953052
2819,usf4147_LMLO_L1_CL_M.jpg,0.274785,1.0,0.644122,0.322738,0.141841,0.131496,0.135633,0.0963825
2186,usf3056_LCC_L1_MS_M.jpg,0.21431,1.0,0.790541,0.164868,0.132615,0.117165,0.120658,0.0653085
2814,usf4144_LMLO_L1_CL_M.jpg,0.223211,1.0,0.704029,0.184872,0.0878589,0.108371,0.111269,0.0445133
1021,usf1367_RCC_L1_CL_B.jpg,0.421376,1.0,0.73214,0.44103,0.349912,0.346495,0.35368,0.314328
1751,usf1788_LCC_L1_MS_B.jpg,0.20151,1.0,0.748316,0.167103,0.105503,0.116388,0.108637,0.0371109
426,usf0283_LCC_L1_MS_B.jpg,0.23004,1.0,0.796018,0.179576,0.142063,0.118985,0.129351,0.0750406
544,usf0350_RCC_L1_MS_M.jpg,0.189315,1.0,0.815729,0.177913,0.146329,0.126572,0.137291,0.0703769
1243,usf1487_RMLO_L1_CL_M.jpg,0.17017,1.0,0.5359,0.268077,0.0706306,0.101549,0.105367,0.0596248
499,usf0321_RCC_L1_MS_B.jpg,0.202097,1.0,0.771638,0.178298,0.137668,0.120591,0.122272,0.0755143
2982,mdb226_92.png,0.0,1.0,0.985816,0.479433,0.559338,0.463452,0.479433,0.271678
2941,mdb142_50.png,0.0656145,0.964086,1.0,0.244404,0.358322,0.257522,0.274782,0.113917
3156,5112020.jpg,0.233526,1.0,0.883351,0.395125,0.36743,0.350983,0.381721,0.195262
2278,usf3110_LMLO_L1_CL_B.jpg,0.154486,1.0,0.769741,0.182577,0.13944,0.121708,0.136427,0.0720658
2626,usf4041_LMLO_L1_MS_M.jpg,0.217218,1.0,0.607858,0.343032,0.0957101,0.121401,0.133761,0.083868
1654,usf1738_LCC_L1_MS_B.jpg,0.537936,1.0,0.877116,0.480486,0.469175,0.460652,0.45656,0.412651
2586,usf4021_RMLO_L1_MS_M.jpg,0.182089,1.0,0.64893,0.228338,0.0802986,0.118154,0.10877,0.0460884
850,usf1159_RMLO_L1_MS_M.jpg,0.186799,1.0,0.562822,0.335365,0.0816266,0.111929,0.11912,0.0706752
1655,usf1738_LMLO_L1_MS_B.jpg,0.577628,1.0,0.886998,0.526758,0.514752,0.512247,0.504582,0.464633
1749,usf1787_LCC_L1_MS_B.jpg,0.169798,1.0,0.668341,0.28411,0.1003,0.135294,0.121404,0.0632149
2459,usf3477_LCC_L1_MS_M.jpg,0.36143,1.0,0.818683,0.345193,0.312497,0.300112,0.307401,0.257077
871,usf1172_LCC_L1_MS_M.jpg,0.46547,1.0,0.851576,0.41865,0.40064,0.393151,0.389139,0.338645
3443,31181830.jpg,0.109581,1.0,0.837018,0.293995,0.174588,0.205742,0.192055,0.0374984
11,usf0007_RMLO_L1_CL_B.jpg,0.184456,1.0,0.794214,0.177664,0.14532,0.1284,0.124976,0.0744445
1721,usf1773_RMLO_L1_CL_B.jpg,0.178371,1.0,0.711802,0.179354,0.0982357,0.104794,0.126387,0.0397237
2947,mdb152_56.png,0.251256,1.0,0.908683,0.158128,0.217524,0.152064,0.196222,0.102465
1880,usf1860_LMLO_L1_MS_B.jpg,0.201358,1.0,0.687303,0.182464,0.0887435,0.116333,0.102631,0.0437075
2061,usf1987_RMLO_L1_MS_M.jpg,0.379253,1.0,0.831282,0.342546,0.306379,0.298633,0.310713,0.243241
107,usf0070_LCC_L1_MS_M.jpg,0.191007,1.0,0.710905,0.21834,0.107866,0.118997,0.12437,0.0637986
2564,usf4011_RMLO_L1_MS_B.jpg,0.270106,1.0,0.60763,0.353491,0.0948102,0.13158,0.133115,0.0890371
2172,usf3045_LMLO_L2_CL_M.jpg,0.153811,1.0,0.806415,0.213458,0.154627,0.137907,0.151655,0.0878894
809,usf1135_LCC_L1_MS_M.jpg,0.226377,1.0,0.703161,0.186,0.0904343,0.109817,0.107665,0.0465753
2946,mdb150_55.png,0.0927056,0.982031,1.0,0.193708,0.255914,0.195683,0.202236,0.0882368
3328,5193253.jpg,0.507901,1.0,0.980028,0.628558,0.603686,0.584865,0.630419,0.476423
2536,usf3515_RCC_L2_CL_M.jpg,0.2952,1.0,0.83482,0.286149,0.269179,0.255876,0.253223,0.199144
313,usf0208_RMLO_L1_MS_M.jpg,0.130631,1.0,0.817014,0.200084,0.169126,0.146426,0.149266,0.0917411
2843,usf4164_LCC_L1_CL_B.jpg,0.180357,1.0,0.668587,0.247088,0.0887781,0.126027,0.113493,0.0488992
3153,5111749.jpg,0.212131,1.0,0.890107,0.368329,0.311644,0.287494,0.334089,0.151503
316,usf0210_LCC_L1_MS_M.jpg,0.114236,1.0,0.792143,0.200805,0.159966,0.138618,0.154747,0.0862821
1605,usf1712_LMLO_L1_MS_B.jpg,0.184899,1.0,0.746732,0.15987,0.10345,0.118895,0.108829,0.0345566
1263,usf1498_LCC_L1_MS_B.jpg,0.19497,1.0,0.633792,0.290629,0.0896088,0.128822,0.117046,0.0671314
73,usf0045_RMLO_L1_CL_M.jpg,0.263214,1.0,0.782274,0.174574,0.127015,0.1219,0.121184,0.0606642
570,usf0369_RCC_L1_MS_B.jpg,0.176471,1.0,0.78907,0.218484,0.144463,0.141948,0.13671,0.0785991
1828,usf1830_LMLO_L1_MS_B.jpg,0.141919,1.0,0.50942,0.367498,0.0779836,0.123844,0.122364,0.0788599
2670,usf4065_LMLO_L1_MS_B.jpg,0.231777,1.0,0.692188,0.19704,0.0851798,0.10503,0.116228,0.0446909
2738,usf4100_RMLO_L1_CL_B.jpg,0.251454,1.0,0.791224,0.19085,0.113143,0.125091,0.127086,0.0467607
2018,usf1938_LCC_L1_MS_B.jpg,0.16425,1.0,0.696597,0.306106,0.112529,0.132903,0.13928,0.0658762
2411,usf3433_LCC_L1_MS_B.jpg,0.183666,1.0,0.78733,0.184585,0.144068,0.124719,0.132629,0.0778162
774,usf1113_RMLO_L1_CL_M.jpg,0.220383,1.0,0.690771,0.26979,0.0947179,0.128394,0.123321,0.0603239
2583,usf4020_RCC_L1_MS_B.jpg,0.228514,1.0,0.611095,0.246379,0.0764226,0.10811,0.101102,0.0596708
1164,usf1443_LCC_L1_MS_B.jpg,0.213499,1.0,0.75143,0.154331,0.0992292,0.115766,0.106722,0.0347234
954,usf1237_LCC_L1_MS_M.jpg,0.193509,1.0,0.574462,0.318599,0.0809251,0.115928,0.11471,0.0696187
2371,usf3398_RMLO_L1_MS_M.jpg,0.15995,1.0,0.80174,0.176012,0.145263,0.130562,0.129753,0.0697037
256,usf0171_RCC_L1_CL_M.jpg,0.485354,1.0,0.881778,0.483094,0.471676,0.459848,0.45927,0.419776
2872,usf4185_RCC_L1_MS_M.jpg,0.404909,1.0,0.833932,0.352377,0.318633,0.319692,0.325852,0.26375
1180,usf1452_RMLO_L1_CL_B.jpg,0.222944,1.0,0.676374,0.190526,0.0841015,0.10064,0.112838,0.0463389
3295,5184654.jpg,0.0443778,1.0,0.791106,0.276875,0.173641,0.207069,0.200059,0.039874
1863,usf1848_RCC_L1_MS_M.jpg,0.133081,1.0,0.428139,0.408114,0.0708722,0.115242,0.11525,0.0905447
484,usf0314_RMLO_L1_MS_B.jpg,0.241442,1.0,0.795096,0.142981,0.130634,0.114106,0.111796,0.0551811
3138,5110304.jpg,0.0653981,1.0,0.81676,0.279987,0.171324,0.188037,0.209893,0.0416432
13,usf0008_RCC_L2_CL_B.jpg,0.502661,1.0,0.892669,0.468407,0.456809,0.429789,0.436414,0.39915
511,usf0328_LMLO_L1_CL_B.jpg,0.238603,1.0,0.82155,0.181966,0.16463,0.128958,0.140208,0.0826762
1738,usf1782_LCC_L1_CL_B.jpg,0.21233,1.0,0.79079,0.164419,0.124323,0.126724,0.11487,0.037717
481,usf0313_RCC_L1_MS_B.jpg,0.234464,1.0,0.809845,0.18859,0.14993,0.12867,0.130351,0.0818043
2264,usf3101_RMLO_L1_MS_B.jpg,0.199072,1.0,0.783646,0.160142,0.132258,0.119603,0.115235,0.0619806
1676,usf1751_RCC_L1_CL_B.jpg,0.196389,1.0,0.709215,0.173469,0.0912257,0.10798,0.109839,0.0392029
1124,usf1422_RCC_L1_MS_B.jpg,0.174206,1.0,0.690784,0.199257,0.0938843,0.117735,0.111545,0.0449289
2195,usf3059_RMLO_L2_CL_M.jpg,0.370145,1.0,0.845791,0.28956,0.283619,0.261028,0.262554,0.210897
1609,usf1715_RCC_L1_MS_B.jpg,0.523297,1.0,0.875319,0.480165,0.474047,0.457742,0.457976,0.409779
1565,usf1684_LMLO_L1_CL_B.jpg,0.169184,1.0,0.567782,0.33529,0.0870024,0.125662,0.125598,0.0824787
195,usf0136_LMLO_L1_MS_M.jpg,0.314685,1.0,0.810963,0.206986,0.165271,0.153397,0.15898,0.100875
1927,usf1886_RCC_L1_MS_B.jpg,0.213156,1.0,0.646092,0.199913,0.0792383,0.103799,0.104669,0.0471851
3171,5114137.jpg,0.121742,1.0,0.861902,0.301176,0.212818,0.2161,0.245952,0.0759966
263,usf0174_RMLO_L2_MS_M.jpg,0.182659,1.0,0.788932,0.20323,0.141931,0.135735,0.131437,0.0772707
1898,usf1871_RCC_L1_MS_M.jpg,0.167875,1.0,0.566684,0.361479,0.0873871,0.122942,0.132409,0.0817941
3181,5115131.jpg,0.462089,1.0,0.920247,0.586888,0.52586,0.583663,0.483421,0.405874
2461,usf3478_LCC_L1_MS_M.jpg,0.153142,1.0,0.775328,0.187948,0.14122,0.12955,0.131639,0.0757311
1266,usf1499_RMLO_L1_MS_M.jpg,0.207456,1.0,0.681541,0.182006,0.083496,0.102447,0.112622,0.0399664
2043,usf1950_RMLO_L1_MS_B.jpg,0.181306,1.0,0.607544,0.225836,0.0758455,0.104327,0.112244,0.0479731
243,usf0164_LCC_L1_MS_M.jpg,0.185917,1.0,0.769618,0.167692,0.132302,0.117402,0.123111,0.0664838
506,usf0326_LCC_L1_MS_B.jpg,0.474357,1.0,0.853359,0.437878,0.413723,0.398659,0.404735,0.364565
1430,usf1597_RCC_L1_CL_M.jpg,0.226234,1.0,0.738712,0.157993,0.0967419,0.108364,0.108142,0.0391092
652,usf0397_LMLO_L1_CL_B.jpg,0.149672,1.0,0.793148,0.188064,0.144236,0.129345,0.13846,0.0724383
1075,usf1396_LCC_L1_MS_B.jpg,0.223389,1.0,0.717186,0.179272,0.0927871,0.115711,0.110687,0.0408224
1640,usf1730_LMLO_L1_CL_M.jpg,0.174017,1.0,0.629138,0.249298,0.0814897,0.119669,0.106603,0.0483961
162,usf0106_LMLO_L1_CL_M.jpg,0.183189,1.0,0.75647,0.192065,0.139423,0.123807,0.128833,0.0813644
1552,usf1678_LCC_L1_MS_M.jpg,0.2711,1.0,0.622648,0.357181,0.198633,0.215915,0.211769,0.171018
312,usf0208_RCC_L1_MS_M.jpg,0.198718,1.0,0.827156,0.24222,0.231126,0.203827,0.212178,0.151305
3028,4143211.jpg,0.0475345,1.0,0.762321,0.292388,0.163711,0.173494,0.201827,0.059536
2396,usf3421_LMLO_L1_CL_B.jpg,0.179412,1.0,0.766385,0.177448,0.131475,0.117407,0.127612,0.0675419
1204,usf1468_RCC_L1_MS_M.jpg,0.197563,1.0,0.704053,0.177372,0.0890711,0.108546,0.110423,0.0384554
2070,usf3002_LCC_L2_CL_M.jpg,0.543568,1.0,0.877779,0.462255,0.443961,0.436191,0.440292,0.398366
2464,usf3481_RMLO_L1_CL_B.jpg,0.146149,1.0,0.777596,0.193134,0.141677,0.140231,0.130177,0.0695214
1871,usf1855_LCC_L1_MS_B.jpg,0.41135,1.0,0.750865,0.452244,0.371427,0.376918,0.374603,0.333093
2828,usf4155_LMLO_L1_CL_M.jpg,0.393824,1.0,0.814507,0.395448,0.328641,0.327935,0.337414,0.267424
1114,usf1416_RMLO_L1_MS_M.jpg,0.18498,1.0,0.744502,0.178123,0.101582,0.111558,0.125744,0.0391584
1270,usf1501_RMLO_L1_MS_M.jpg,0.235194,1.0,0.743398,0.169362,0.0974516,0.107088,0.115234,0.042551
3408,5211557.jpg,0.0959738,1.0,0.823634,0.335515,0.232871,0.239604,0.279043,0.0789329
436,usf0288_LCC_L1_CL_B.jpg,0.193151,1.0,0.756343,0.23071,0.138206,0.135413,0.134338,0.087803
1520,usf1652_RMLO_L1_CL_M.jpg,0.275453,1.0,0.758524,0.207292,0.104909,0.128023,0.130448,0.051198
3261,5173121.jpg,0.18819,1.0,0.860152,0.391037,0.320662,0.363911,0.316449,0.187022
3426,5214301.jpg,0.0476934,1.0,0.792322,0.279457,0.203842,0.180143,0.279868,0.0416471
2355,usf3390_LMLO_L1_MS_M.jpg,0.211508,1.0,0.771951,0.164788,0.128341,0.113943,0.123561,0.0617365
87,usf0061_RMLO_L1_MS_M.jpg,0.205836,1.0,0.820561,0.203591,0.162008,0.138609,0.138934,0.091918
1925,usf1885_LCC_L1_CL_B.jpg,0.201391,1.0,0.657617,0.239936,0.0833941,0.109388,0.116009,0.0489847
1058,usf1386_LMLO_L1_CL_B.jpg,0.150948,1.0,0.471075,0.429872,0.0817563,0.129045,0.129833,0.102488
2027,usf1942_LMLO_L1_MS_B.jpg,0.15831,1.0,0.478549,0.338121,0.0654766,0.111584,0.0998655,0.0693082
301,usf0199_LCC_L1_CL_M.jpg,0.339145,1.0,0.833719,0.360383,0.322,0.310201,0.323515,0.26673
2221,usf3075_RCC_L1_MS_M.jpg,0.178411,1.0,0.788901,0.175486,0.142008,0.128554,0.127645,0.0679837
883,usf1181_LMLO_L1_CL_M.jpg,0.193134,1.0,0.697371,0.177924,0.088535,0.120044,0.101985,0.0353067
622,usf0386_RCC_L2_MS_B.jpg,0.25222,1.0,0.827782,0.174941,0.163023,0.130532,0.130433,0.0805993
1704,usf1765_RCC_L1_MS_B.jpg,0.181175,1.0,0.61085,0.285111,0.08478,0.113175,0.115791,0.0616563
1748,usf1786_RCC_L1_MS_B.jpg,0.173889,1.0,0.635146,0.302882,0.0986841,0.129007,0.121752,0.0704815
593,usf0377_RCC_L1_MS_B.jpg,0.157864,1.0,0.805897,0.165702,0.145712,0.129149,0.126667,0.0648508
123,usf0085_RMLO_L1_MS_M.jpg,0.212718,1.0,0.814657,0.205413,0.158498,0.140344,0.139103,0.0917074
350,usf0226_RCC_L1_MS_M.jpg,0.259096,1.0,0.825168,0.28191,0.260724,0.236984,0.240193,0.190485
356,usf0229_LMLO_L1_MS_B.jpg,0.11332,1.0,0.782549,0.200678,0.151603,0.135715,0.149108,0.07936
273,usf0183_RCC_L1_MS_M.jpg,0.346993,1.0,0.846856,0.353764,0.324713,0.318113,0.316447,0.264203
2104,usf3020_RMLO_L1_MS_M.jpg,0.150234,1.0,0.79295,0.178048,0.148816,0.1296,0.131527,0.0749135
1634,usf1727_RMLO_L1_MS_M.jpg,0.17234,1.0,0.545391,0.37949,0.0903739,0.129721,0.129313,0.0953284
2970,mdb204_79.png,0.058427,1.0,0.861423,0.218602,0.350376,0.187957,0.302366,0.116452
1714,usf1770_RCC_L1_MS_B.jpg,0.184597,1.0,0.717046,0.226233,0.102695,0.116386,0.123988,0.047145
1804,usf1815_RMLO_L1_MS_B.jpg,0.153847,1.0,0.599484,0.308473,0.0913379,0.120757,0.124053,0.0692253
1845,usf1840_LCC_L1_CL_B.jpg,0.158444,1.0,0.583207,0.285267,0.0801308,0.114293,0.113616,0.0590013
3093,4155621.jpg,0.0191841,1.0,0.807001,0.258103,0.20815,0.18341,0.251717,0.0697382
1862,usf1848_LMLO_L1_MS_M.jpg,0.147315,1.0,0.467115,0.313155,0.0628693,0.105587,0.101538,0.0646449
2125,usf3026_RCC_L3_CL_M.jpg,0.239095,1.0,0.788309,0.144015,0.127002,0.111461,0.115592,0.05377
1169,usf1445_LMLO_L1_MS_B.jpg,0.199097,1.0,0.680919,0.206926,0.0875355,0.112702,0.109422,0.0442349
1594,usf1707_LCC_L1_CL_B.jpg,0.18358,1.0,0.687274,0.273218,0.0997375,0.121033,0.131287,0.0600279
2806,usf4138_RCC_L1_MS_M.jpg,0.219309,1.0,0.732698,0.191012,0.0963338,0.118051,0.110949,0.0444186
1939,usf1893_LCC_L1_MS_M.jpg,0.272244,1.0,0.76284,0.255726,0.188339,0.204411,0.198251,0.131359
2596,usf4026_LMLO_L1_MS_B.jpg,0.31992,1.0,0.79081,0.26189,0.227302,0.218274,0.221394,0.157081
1249,usf1491_RCC_L1_MS_B.jpg,0.18996,1.0,0.714534,0.191773,0.0937832,0.111488,0.117309,0.0418492
14,usf0008_RMLO_L1_MS_M.jpg,0.217752,1.0,0.804677,0.167553,0.137889,0.121292,0.121535,0.0664491
3294,5184621.jpg,0.0820318,1.0,0.746847,0.316721,0.137562,0.18115,0.186743,0.0336093
694,usf0458_RMLO_L2_CL_B.jpg,0.23094,1.0,0.817899,0.205559,0.166875,0.14192,0.145569,0.0920865
2858,usf4171_LMLO_L1_CL_B.jpg,0.372148,1.0,0.783199,0.353142,0.297436,0.292753,0.301456,0.237947
358,usf0229_RCC_L1_MS_B.jpg,0.130384,1.0,0.812399,0.191032,0.157687,0.14393,0.142546,0.0804538
220,usf0151_RMLO_L1_CL_M.jpg,0.167301,1.0,0.795353,0.18253,0.148122,0.132293,0.129314,0.0771367
2685,usf4073_LCC_L1_MS_B.jpg,0.210669,1.0,0.709623,0.224001,0.0924603,0.123601,0.113322,0.0469391
937,usf1225_RCC_L1_CL_M.jpg,0.352896,1.0,0.826114,0.282435,0.238798,0.234009,0.239034,0.160968
991,usf1261_RMLO_L1_MS_M.jpg,0.202262,1.0,0.717219,0.17932,0.0955878,0.107017,0.110885,0.0432808
2012,usf1935_RCC_L1_CL_B.jpg,0.213377,1.0,0.679889,0.294782,0.0999738,0.126886,0.126596,0.0696118
526,usf0335_LCC_L1_CL_B.jpg,0.286074,1.0,0.821707,0.263351,0.240356,0.212842,0.228388,0.168767
240,usf0162_RCC_L1_CL_M.jpg,0.20655,1.0,0.815699,0.165856,0.141822,0.122454,0.128842,0.0642375
3248,5171951.jpg,0.0968748,1.0,0.825743,0.247407,0.173532,0.203295,0.157354,0.0383001
414,usf0279_RCC_L1_MS_B.jpg,0.322832,1.0,0.847819,0.271524,0.258719,0.232907,0.2325,0.186473
188,usf0130_LMLO_L1_MS_M.jpg,0.235521,1.0,0.839389,0.181095,0.150833,0.128007,0.132733,0.0721723
2126,usf3026_RCC_L4_CL_M.jpg,0.235848,1.0,0.790235,0.147377,0.128603,0.112202,0.116879,0.0548455
567,usf0366_LMLO_L1_MS_B.jpg,0.145895,1.0,0.772486,0.193063,0.136216,0.125105,0.138224,0.0698693
3127,4163641.jpg,0.203036,1.0,0.876346,0.370858,0.297125,0.323119,0.304373,0.145717
2245,usf3082_LCC_L1_CL_M.jpg,0.260689,1.0,0.824047,0.167445,0.135439,0.119106,0.128288,0.0621625
60,usf0038_LMLO_L1_MS_B.jpg,0.179071,1.0,0.759335,0.193516,0.137147,0.122968,0.129431,0.0789252
1976,usf1912_RCC_L1_MS_B.jpg,0.421904,1.0,0.818026,0.384925,0.366569,0.348394,0.359301,0.302016
3117,4162138.jpg,0.0462744,1.0,0.821649,0.27854,0.190642,0.187284,0.228774,0.0406548
2090,usf3012_RMLO_L1_MS_M.jpg,0.172461,1.0,0.797445,0.173634,0.137022,0.129101,0.124421,0.0650142
1006,usf1329_LMLO_L1_MS_M.jpg,0.214487,1.0,0.743368,0.159672,0.0962817,0.11649,0.105755,0.0350782
2654,usf4057_LCC_L1_MS_B.jpg,0.389751,1.0,0.819307,0.326676,0.305921,0.293214,0.301735,0.238697
1511,usf1647_LCC_L1_CL_B.jpg,0.182289,1.0,0.578048,0.371476,0.0903176,0.128756,0.13297,0.0842133
462,usf0307_RCC_L1_CL_B.jpg,0.310312,1.0,0.840097,0.165623,0.155044,0.13136,0.125109,0.0730264
1696,usf1761_LCC_L1_MS_B.jpg,0.16136,1.0,0.54016,0.410764,0.0912582,0.136791,0.133818,0.0937185
3145,5110953.jpg,0.103697,1.0,0.794827,0.263111,0.174458,0.160364,0.193842,0.0330901
3435,5220411.jpg,0.0919024,1.0,0.748127,0.311968,0.140519,0.178654,0.196369,0.0358205
1077,usf1397_LCC_L1_MS_B.jpg,0.196154,1.0,0.644695,0.230926,0.095888,0.109726,0.107617,0.0533229
224,usf0154_RMLO_L1_MS_M.jpg,0.276887,1.0,0.85036,0.205788,0.194976,0.169877,0.165723,0.110113
227,usf0156_RCC_L1_MS_M.jpg,0.210031,1.0,0.777072,0.166279,0.135041,0.116422,0.123969,0.0666999
1465,usf1619_RMLO_L1_CL_M.jpg,0.170557,1.0,0.628887,0.223449,0.083376,0.109777,0.114818,0.0508499
3289,5183949.jpg,0.0497221,1.0,0.753374,0.329638,0.155959,0.210784,0.194834,0.0537979
2238,usf3078_RMLO_L1_MS_B.jpg,0.201752,1.0,0.821244,0.196918,0.151762,0.138087,0.13455,0.0802907
3214,5165152.jpg,0.110255,1.0,0.833838,0.225167,0.180266,0.163318,0.178518,0.0350742
1773,usf1799_LCC_L1_MS_B.jpg,0.141341,1.0,0.460642,0.376791,0.0716929,0.110129,0.113274,0.0813649
808,usf1134_RMLO_L1_MS_M.jpg,0.200133,1.0,0.714962,0.17024,0.0917956,0.105623,0.113907,0.037429
1258,usf1495_RMLO_L1_CL_B.jpg,0.21405,1.0,0.724519,0.167659,0.0920239,0.105191,0.113032,0.0379589
703,usf0477_LCC_L1_CL_B.jpg,0.250084,1.0,0.820976,0.182572,0.151299,0.129057,0.128669,0.0775241
785,usf1122_LCC_L1_MS_M.jpg,0.220978,1.0,0.693706,0.245429,0.0981179,0.12305,0.11334,0.0538697
3320,5191621.jpg,0.147642,1.0,0.839371,0.374385,0.276749,0.301525,0.297369,0.142602
924,usf1217_LMLO_L1_MS_M.jpg,0.200689,1.0,0.735893,0.15732,0.10171,0.13015,0.0973852,0.0316921
98,usf0065_LCC_L1_MS_M.jpg,0.489297,1.0,0.844945,0.40901,0.380801,0.374326,0.380076,0.333291
1913,usf1879_RCC_L1_MS_B.jpg,0.221282,1.0,0.732144,0.188464,0.0981838,0.113091,0.113474,0.044741
988,usf1261_LCC_L1_CL_M.jpg,0.213595,1.0,0.798056,0.129365,0.12337,0.121384,0.113947,0.0328472
586,usf0375_LCC_L2_CL_B.jpg,0.378021,1.0,0.864703,0.336375,0.321626,0.301421,0.307167,0.252401
2721,usf4092_LCC_L1_MS_B.jpg,0.249141,1.0,0.759468,0.159015,0.105189,0.119135,0.118914,0.0428246
2408,usf3426_LMLO_L1_CL_B.jpg,0.268218,1.0,0.815796,0.176999,0.157644,0.124958,0.133947,0.0803236
2825,usf4152_RCC_L1_CL_M.jpg,0.225168,1.0,0.696367,0.216419,0.0891559,0.115944,0.11054,0.0490751
1214,usf1472_RCC_L1_CL_B.jpg,0.159995,1.0,0.561307,0.412818,0.101162,0.133229,0.138107,0.0905406
1509,usf1646_RCC_L1_CL_B.jpg,0.185044,1.0,0.647951,0.214771,0.0813038,0.108166,0.112146,0.045577
2044,usf1952_LCC_L1_CL_B.jpg,0.19536,1.0,0.616305,0.268253,0.0811526,0.104096,0.118019,0.054275
852,usf1160_RMLO_L1_MS_M.jpg,0.190645,1.0,0.6568,0.273694,0.0929336,0.115885,0.126036,0.0607907
716,usf0483_LMLO_L1_CL_B.jpg,0.151854,1.0,0.723872,0.223381,0.131597,0.126579,0.136542,0.0800916
3404,5211126.jpg,0.150747,1.0,0.826025,0.351295,0.251757,0.277655,0.264495,0.124979
66,usf0042_LCC_L1_MS_M.jpg,0.447307,1.0,0.827474,0.433498,0.396883,0.383384,0.388141,0.356721
173,usf0118_LCC_L1_MS_M.jpg,0.215322,1.0,0.814871,0.199721,0.157288,0.131361,0.139604,0.0877747
2443,usf3465_RCC_L1_CL_B.jpg,0.183054,1.0,0.771783,0.171232,0.133484,0.115236,0.129402,0.0666542
985,usf1259_LMLO_L1_CL_B.jpg,0.206984,1.0,0.759439,0.166276,0.102565,0.117221,0.108865,0.0350874
1940,usf1893_LMLO_L1_MS_M.jpg,0.19056,1.0,0.735995,0.162011,0.0988465,0.121281,0.104352,0.0342031
1192,usf1459_LCC_L1_MS_B.jpg,0.288988,1.0,0.75525,0.323615,0.20268,0.205097,0.213875,0.145249
1602,usf1711_LCC_L1_MS_B.jpg,0.209637,1.0,0.627351,0.302427,0.0889422,0.119858,0.126621,0.0721261
1309,usf1529_RCC_L2_MS_M.jpg,0.187703,1.0,0.73027,0.182177,0.0993971,0.113781,0.117341,0.0407268
78,usf0052_RCC_L1_MS_M.jpg,0.512981,1.0,0.896352,0.513569,0.501696,0.487112,0.488033,0.453519
77,usf0048_RMLO_L1_MS_M.jpg,0.551991,1.0,0.898952,0.476562,0.452001,0.437341,0.441108,0.396552
1424,usf1593_RCC_L1_MS_M.jpg,0.217858,1.0,0.680691,0.217172,0.0888844,0.112222,0.108354,0.0494045
2450,usf3471_LCC_L1_CL_B.jpg,0.230695,1.0,0.820297,0.185773,0.156746,0.128624,0.138901,0.0787272
2815,usf4145_RMLO_L1_CL_M.jpg,0.202174,1.0,0.669547,0.19412,0.0810767,0.119199,0.1011,0.0404272
320,usf0212_LCC_L1_MS_M.jpg,0.356808,1.0,0.826046,0.370456,0.335701,0.324448,0.334494,0.283029
529,usf0335_RCC_L1_CL_B.jpg,0.316069,1.0,0.86191,0.264185,0.250375,0.227714,0.224121,0.17266
1574,usf1689_RCC_L1_MS_B.jpg,0.291369,1.0,0.679263,0.413613,0.224471,0.232508,0.232669,0.1833
2165,usf3042_LMLO_L1_MS_M.jpg,0.270606,1.0,0.854185,0.284052,0.250231,0.227746,0.237367,0.176655
982,usf1258_RMLO_L1_MS_M.jpg,0.181556,1.0,0.632218,0.321898,0.095164,0.125017,0.127866,0.0710437
541,usf0344_LCC_L1_CL_M.jpg,0.329041,1.0,0.834557,0.322636,0.294352,0.278824,0.286915,0.229813
2460,usf3477_LMLO_L1_MS_M.jpg,0.207527,1.0,0.807198,0.188742,0.144264,0.125992,0.139584,0.0748418
1677,usf1751_RMLO_L1_CL_B.jpg,0.206813,1.0,0.666986,0.203124,0.081816,0.106497,0.110476,0.0445892
2937,mdb132_46.png,0.0992908,1.0,0.826564,0.161929,0.326216,0.277078,0.154732,0.0854935
2914,mdb081_23.png,0.229328,1.0,0.96113,0.154141,0.192384,0.175763,0.146562,0.0678449
613,usf0384_RCC_L3_MS_B.jpg,0.303676,1.0,0.816273,0.167783,0.180456,0.126942,0.136699,0.0857083
634,usf0390_LMLO_L1_CL_B.jpg,0.143976,1.0,0.778993,0.181072,0.141857,0.120914,0.143323,0.0685625
2852,usf4168_LMLO_L1_CL_B.jpg,0.193645,1.0,0.651398,0.232953,0.0823445,0.10744,0.118911,0.0448491
190,usf0131_RMLO_L1_MS_M.jpg,0.210351,1.0,0.773474,0.16175,0.128793,0.118418,0.114372,0.0618258
2364,usf3395_RCC_L1_MS_M.jpg,0.208591,1.0,0.786873,0.150996,0.131131,0.113704,0.114566,0.0593567
2419,usf3440_RCC_L1_CL_M.jpg,0.372466,1.0,0.859562,0.38614,0.370112,0.351718,0.353316,0.307149
1184,usf1455_LCC_L1_CL_B.jpg,0.198906,1.0,0.751478,0.164388,0.100071,0.119961,0.10713,0.0339962
646,usf0394_RMLO_L1_CL_B.jpg,0.176468,1.0,0.831137,0.179631,0.16726,0.147274,0.142467,0.0777941
2014,usf1936_LCC_L1_CL_B.jpg,0.332544,1.0,0.78301,0.344157,0.28468,0.279415,0.277475,0.212925
2917,mdb091_26.png,0.0775862,1.0,0.887213,0.275606,0.279506,0.382208,0.231405,0.145603
2249,usf3084_RCC_L1_MS_M.jpg,0.207732,1.0,0.789443,0.154068,0.128756,0.115149,0.117492,0.0573628
644,usf0393_RMLO_L1_MS_B.jpg,0.323828,1.0,0.844813,0.332993,0.306929,0.29108,0.289274,0.241258
2961,mdb186_70.png,0.0691624,1.0,0.98961,0.21815,0.227727,0.206444,0.205836,0.0975972
576,usf0372_LCC_L1_MS_B.jpg,0.421858,1.0,0.871619,0.376927,0.345348,0.330044,0.335802,0.288265
181,usf0125_RMLO_L1_MS_M.jpg,0.484127,1.0,0.903231,0.450602,0.438471,0.417626,0.420023,0.380517
142,usf0097_LMLO_L1_MS_M.jpg,0.186273,1.0,0.784839,0.221354,0.157054,0.138434,0.144225,0.0997976
2778,usf4121_RMLO_L1_MS_M.jpg,0.223629,1.0,0.700143,0.257099,0.0931528,0.119747,0.115732,0.0583428
2674,usf4067_RMLO_L1_MS_B.jpg,0.230021,1.0,0.719437,0.227193,0.09602,0.120866,0.114921,0.0497691
3154,5111900.jpg,0.0670427,1.0,0.81583,0.262089,0.178523,0.212622,0.181687,0.0348223
2601,usf4029_RCC_L1_MS_B.jpg,0.196752,1.0,0.58705,0.364421,0.09066,0.12764,0.134744,0.0869968
2716,usf4089_LMLO_L1_MS_B.jpg,0.187543,1.0,0.640258,0.369945,0.104509,0.133675,0.143168,0.08709
3108,4161211.jpg,0.0886472,1.0,0.832079,0.298015,0.170717,0.186277,0.210425,0.0469147
3068,4151907.jpg,0.196487,1.0,0.876882,0.413687,0.325964,0.33444,0.366426,0.192767
1139,usf1431_RMLO_L1_CL_B.jpg,0.198374,1.0,0.710474,0.186531,0.0919397,0.112664,0.110266,0.0413454
928,usf1219_RMLO_L1_CL_M.jpg,0.269456,1.0,0.711776,0.309671,0.161509,0.166542,0.169173,0.110553
2157,usf3035_RMLO_L1_MS_M.jpg,0.503702,1.0,0.878692,0.470336,0.46244,0.45178,0.446307,0.411242
2169,usf3045_LCC_L2_CL_M.jpg,0.158353,1.0,0.781062,0.19401,0.140199,0.12826,0.138492,0.075403
2788,usf4126_RCC_L1_MS_M.jpg,0.245774,1.0,0.719858,0.162084,0.0941478,0.109348,0.113189,0.0426601
2881,usf4194_LMLO_L1_CL_B.jpg,0.422604,1.0,0.814884,0.402536,0.340336,0.345413,0.36534,0.289662
1539,usf1671_RCC_L1_CL_M.jpg,0.217932,1.0,0.678925,0.238022,0.0924024,0.112388,0.120351,0.0542991
1664,usf1745_RCC_L1_MS_B.jpg,0.467672,1.0,0.870848,0.409949,0.422081,0.397831,0.400289,0.342286
1889,usf1865_LMLO_L1_MS_B.jpg,0.142768,1.0,0.594141,0.248497,0.0846003,0.12156,0.114662,0.0557715
2271,usf3107_LCC_L1_CL_M.jpg,0.170916,1.0,0.755792,0.185036,0.126467,0.122214,0.12666,0.0669001
2418,usf3438_LMLO_L1_CL_B.jpg,0.243533,1.0,0.804633,0.242391,0.214317,0.193025,0.205771,0.145254
192,usf0134_RMLO_L1_MS_M.jpg,0.462469,1.0,0.892053,0.462255,0.443834,0.424984,0.426337,0.391249
2772,usf4118_RCC_L1_CL_M.jpg,0.511117,1.0,0.865514,0.462807,0.421766,0.423854,0.432418,0.374194
885,usf1182_RMLO_L1_MS_M.jpg,0.187901,1.0,0.654422,0.228603,0.0819489,0.107735,0.118016,0.0452527
890,usf1187_RCC_L1_MS_M.jpg,0.211697,1.0,0.73444,0.167476,0.0949302,0.110358,0.113224,0.0360969
3266,5173550.jpg,0.0958002,1.0,0.823619,0.226509,0.182478,0.184333,0.166631,0.0329012
786,usf1122_LMLO_L1_MS_M.jpg,0.217928,1.0,0.749078,0.163704,0.0976672,0.117338,0.106974,0.0373076
2058,usf1986_RCC_L1_MS_M.jpg,0.192275,1.0,0.628756,0.278546,0.0924285,0.112793,0.116082,0.0625565
390,usf0258_RMLO_L1_MS_B.jpg,0.496506,1.0,0.884586,0.471785,0.461559,0.441423,0.442499,0.408436
1635,usf1728_LCC_L1_CL_M.jpg,0.210451,1.0,0.779235,0.149397,0.109505,0.119754,0.110393,0.0321963
3187,5120153.jpg,0.111245,1.0,0.827106,0.248019,0.179093,0.180598,0.159666,0.0383651
0,usf0001_RCC_L1_MS_M.jpg,0.227409,1.0,0.793321,0.157589,0.127623,0.118534,0.11325,0.056991
